14775,Technology
16641,Politics
17511,Sports
19326,Business
19971,Sports
39057,Sports
40496,Business
41511,Sports
49981,Technology
55741,Business
95811,Entertainment
104827,Sports
111606,Technology
147921,Sports
152200,Entertainment
158649,Politics
199787,Sports
202566,Technology
206922,Business
208376,Politics
212405,Technology
232874,Entertainment
237945,Business
255558,Business
264516,Politics
280108,Sports
322971,Sports
332164,Business
338900,Entertainment
344944,Business
345612,Sports
353104,Entertainment
359593,Entertainment
380301,Sports
386017,Sports
386721,Technology
388978,Technology
389434,Sports
390791,Technology
453329,Technology
470374,Politics
477168,Business
487159,Sports
487493,Sports
491761,Business
518202,Sports
531411,Politics
539226,Entertainment
557153,Technology
571270,Politics
578560,Sports
605169,Sports
616915,Technology
621017,Technology
621161,Entertainment
649038,Entertainment
656887,Entertainment
681398,Technology
685765,Business
686929,Technology
697497,Sports
698952,Sports
704145,Technology
719861,Technology
720833,Politics
725951,Politics
731168,Technology
749170,Sports
753302,Sports
760866,Entertainment
763763,Sports
767148,Sports
773507,Entertainment
780691,Entertainment
786114,Technology
786195,Business
790230,Entertainment
791105,Business
803569,Entertainment
817769,Sports
818477,Business
822248,Entertainment
824014,Politics
826213,Business
830788,Business
847016,Politics
847819,Politics
853433,Entertainment
863378,Entertainment
866250,Sports
868644,Sports
871291,Technology
880363,Politics
908098,Entertainment
923911,Entertainment
930624,Sports
931248,Entertainment
934505,Sports
935245,Politics
949173,Entertainment
959920,Politics
968082,Business
969929,Business
993847,Sports
1002237,Sports
1003074,Business
1005060,Politics
1055008,Business
1072662,Business
1072683,Business
1077612,Sports
1081064,Politics
1081501,Technology
1084579,Technology
1086824,Technology
1092798,Technology
1096042,Business
1098443,Technology
1103737,Entertainment
1130499,Business
1140167,Business
1152223,Politics
1170530,Technology
1177995,Sports
1183513,Politics
1184619,Sports
1189363,Politics
1190026,Technology
1196751,Politics
1209013,Technology
1212041,Business
1233369,Politics
1240030,Entertainment
1259345,Technology
1262192,Technology
1297764,Entertainment
1312766,Technology
1316045,Technology
1317478,Business
1317656,Sports
1340242,Business
1350881,Technology
1358053,Sports
1368792,Business
1384870,Sports
1393445,Entertainment
1394264,Business
1404519,Technology
1405224,Technology
1405917,Politics
1416522,Business
1418158,Business
1421161,Politics
1421971,Technology
1425697,Entertainment
1460165,Entertainment
1469259,Business
1470421,Technology
1473001,Sports
1475199,Technology
1477394,Entertainment
1489314,Technology
1496807,Business
1499061,Sports
1499142,Politics
1509295,Technology
1517473,Entertainment
1536304,Business
1539200,Technology
1542398,Technology
1545856,Entertainment
1547172,Business
1551108,Business
1561874,Entertainment
1568110,Politics
1575814,Sports
1577852,Sports
1580313,Business
1580803,Business
1582817,Technology
1587569,Entertainment
1593540,Politics
1602047,Technology
1604638,Politics
1621084,Sports
1623027,Technology
1636839,Politics
1649810,Sports
1653266,Business
1663234,Sports
1681568,Technology
1698969,Entertainment
1703985,Technology
1706841,Sports
1716665,Politics
1716714,Technology
1724455,Business
1725384,Sports
1752375,Business
1757914,Entertainment
1762475,Business
1762821,Sports
1765197,Business
1766390,Politics
1783950,Technology
1799989,Sports
1804077,Politics
1807818,Business
1822433,Politics
1844688,Business
1853651,Politics
1883253,Politics
1884955,Business
1907697,Business
1909440,Entertainment
1916985,Technology
1923855,Business
1924077,Politics
1928684,Technology
1930103,Sports
1935267,Entertainment
1950607,Sports
1955790,Entertainment
1980701,Politics
1986282,Technology
1992541,Politics
2015202,Business
2017111,Business
2017141,Entertainment
2038797,Entertainment
2056285,Sports
2087741,Politics
2094992,Business
2097174,Entertainment
2106846,Sports
2114857,Sports
2123306,Sports
2142726,Politics
2148963,Entertainment
2150325,Entertainment
2157870,Technology
2161787,Technology
2176230,Sports
2177665,Entertainment
2196534,Politics
2199314,Entertainment
2200629,Business
2224898,Entertainment
2265298,Politics
2268090,Entertainment
2272756,Entertainment
2300341,Entertainment
2337434,Sports
2352184,Business
2357349,Business
2373168,Politics
2378783,Politics
2421848,Technology
2443349,Politics
2446301,Business
2446429,Sports
2459282,Technology
2465621,Technology
2471210,Technology
2472639,Technology
2485269,Business
2486563,Technology
2505934,Sports
2509729,Politics
2521883,Sports
2556449,Business
2574106,Sports
2589492,Sports
2593706,Business
2606714,Business
2625567,Sports
2632341,Business
2636184,Technology
2661874,Business
2666164,Politics
2669855,Politics
2684097,Business
2715726,Sports
2730662,Politics
2745825,Entertainment
2750413,Entertainment
2775270,Technology
2782416,Politics
2785633,Politics
2792589,Sports
2818682,Politics
2836615,Politics
2843001,Technology
2844788,Sports
2866412,Sports
2894114,Entertainment
2902535,Business
2908105,Entertainment
2909583,Technology
2911227,Sports
2914504,Sports
2915761,Business
2919144,Entertainment
2938780,Politics
2966166,Technology
2970900,Business
2971606,Sports
2982332,Entertainment
3005031,Technology
3016806,Politics
3025974,Business
3033144,Sports
3033915,Politics
3037941,Sports
3075066,Politics
3081325,Business
3084083,Business
3097542,Entertainment
3118038,Business
3121764,Business
3141489,Sports
3150822,Entertainment
3157350,Sports
3164769,Politics
3173946,Entertainment
3189252,Business
3192329,Entertainment
3198139,Technology
3208280,Technology
3221965,Entertainment
3224198,Sports
3226959,Business
3258339,Technology
3270737,Technology
3273070,Technology
3291201,Sports
3304300,Technology
3308484,Entertainment
3311442,Sports
3327173,Sports
3339779,Sports
3341156,Sports
3361939,Entertainment
3370488,Politics
3381793,Entertainment
3382227,Business
3384731,Business
3397795,Business
3417417,Sports
3425855,Business
3426431,Sports
3433051,Technology
3441804,Sports
3453884,Entertainment
3456837,Sports
3480212,Sports
3502103,Business
3507055,Business
3508184,Business
3515414,Politics
3522012,Sports
3522497,Business
3533317,Sports
3565524,Sports
3571226,Entertainment
3597458,Technology
3602281,Entertainment
3603482,Technology
3605088,Sports
3606467,Sports
3613815,Business
3638758,Entertainment
3667375,Business
3667447,Technology
3670553,Sports
3681995,Business
3692611,Entertainment
3695386,Entertainment
3695747,Politics
3697479,Sports
3699040,Sports
3699236,Entertainment
3703484,Sports
3703607,Politics
3730382,Entertainment
3741543,Business
3747222,Entertainment
3749672,Politics
3765976,Technology
3768325,Business
3779701,Technology
3780627,Technology
3786414,Sports
3817610,Technology
3840479,Sports
3859007,Business
3859009,Sports
3896483,Politics
3898272,Technology
3898893,Entertainment
3903005,Technology
3908189,Technology
3915290,Technology
3950549,Technology
3982604,Entertainment
3984219,Sports
3985073,Technology
3994829,Politics
3997196,Politics
4007088,Business
4032209,Business
4037206,Entertainment
4042071,Sports
4054428,Business
4056240,Technology
4069352,Politics
4084773,Entertainment
4108524,Technology
4109146,Sports
4134751,Business
4135505,Entertainment
4139977,Business
4151075,Politics
4160419,Politics
4163231,Entertainment
4173399,Sports
4198783,Business
4207655,Entertainment
4227118,Politics
4227456,Business
4233360,Sports
4236004,Politics
4243225,Technology
4249488,Technology
4250148,Sports
4254944,Business
4255372,Sports
4261199,Sports
4263530,Business
4280159,Entertainment
4303704,Politics
4309897,Politics
4323065,Business
4357238,Politics
4361705,Politics
4364273,Sports
4368610,Politics
4373627,Technology
4382124,Business
4404888,Technology
4415985,Business
4417090,Sports
4418718,Politics
4420424,Business
4433820,Sports
4437290,Technology
4447129,Business
4450450,Politics
4470649,Entertainment
4481688,Sports
4481741,Technology
4491663,Politics
4508894,Entertainment
4512357,Entertainment
4515577,Sports
4558009,Sports
4561961,Entertainment
4576468,Entertainment
4586265,Sports
4589805,Entertainment
4618484,Sports
4622746,Business
4662843,Entertainment
4673851,Politics
4678785,Technology
4685755,Politics
4685906,Business
4695932,Politics
4717464,Technology
4723253,Entertainment
4731380,Business
4735416,Entertainment
4745820,Sports
4756038,Business
4778159,Technology
4779865,Technology
4800190,Politics
4802054,Sports
4807943,Entertainment
4810211,Technology
4818366,Technology
4832146,Politics
4837354,Technology
4856027,Technology
4860722,Business
4864330,Politics
4870341,Business
4871584,Technology
4910169,Business
4931510,Business
4933851,Sports
4936262,Sports
4937243,Sports
4963393,Sports
5019046,Business
5019121,Sports
5021877,Technology
5027706,Business
5031104,Technology
5057609,Entertainment
5107530,Sports
5110910,Business
5112793,Politics
5128832,Technology
5160408,Sports
5166739,Entertainment
5172487,Business
5175089,Politics
5177890,Business
5180700,Sports
5205094,Business
5217975,Politics
5230413,Entertainment
5230604,Entertainment
5250908,Politics
5254716,Sports
5256626,Sports
5259062,Technology
5259298,Business
5260902,Politics
5268293,Business
5290574,Technology
5293442,Politics
5304665,Technology
5304923,Politics
5305143,Entertainment
5307201,Business
5312034,Entertainment
5313078,Sports
5353651,Business
5355063,Entertainment
5357909,Sports
5360884,Business
5367169,Sports
5376980,Technology
5377276,Sports
5384142,Business
5388296,Politics
5390230,Business
5396371,Politics
5397270,Technology
5412983,Business
5415265,Entertainment
5496212,Sports
5522746,Politics
5545629,Business
5547341,Politics
5551725,Business
5557251,Sports
5565801,Business
5576270,Technology
5581534,Entertainment
5588978,Business
5596327,Sports
5600491,Politics
5601023,Technology
5602217,Entertainment
5605027,Sports
5614327,Technology
5625785,Sports
5631075,Sports
5635761,Politics
5636164,Business
5643106,Business
5645506,Politics
5657377,Business
5664425,Entertainment
5692848,Politics
5694329,Politics
5703572,Entertainment
5706288,Politics
5708238,Politics
5712830,Politics
5723062,Entertainment
5730927,Sports
5755586,Business
5762442,Sports
5769025,Business
5778307,Business
5791605,Politics
5794083,Business
5815526,Entertainment
5821106,Sports
5831395,Entertainment
5837143,Politics
5838705,Sports
5839838,Business
5855078,Technology
5870566,Sports
5872848,Entertainment
5874321,Entertainment
5878278,Politics
5906604,Sports
5953653,Business
5954235,Politics
5975540,Business
6010610,Sports
6052743,Business
6053697,Politics
6056642,Technology
6058552,Technology
6077359,Entertainment
6090956,Entertainment
6106736,Technology
6107009,Politics
6117012,Politics
6117539,Politics
6163738,Politics
6183134,Entertainment
6195895,Politics
6205366,Entertainment
6216501,Politics
6217760,Politics
6218059,Entertainment
6226048,Politics
6248836,Sports
6277830,Technology
6280278,Politics
6284467,Sports
6286589,Sports
6309848,Politics
6311232,Sports
6322386,Technology
6323886,Politics
6333271,Politics
6335958,Technology
6346193,Entertainment
6355964,Business
6414025,Politics
6418429,Business
6433186,Politics
6436633,Business
6442797,Entertainment
6451708,Politics
6480668,Sports
6502119,Sports
6502408,Politics
6543870,Business
6553591,Entertainment
6581208,Sports
6600018,Entertainment
6606227,Politics
6609324,Business
6615743,Sports
6637169,Politics
6640002,Business
6667676,Business
6680140,Politics
6703454,Entertainment
6720087,Technology
6731280,Entertainment
6733138,Business
6740099,Sports
6751871,Technology
6765062,Business
6795753,Business
6796703,Politics
6799917,Sports
6801947,Entertainment
6805848,Technology
6808376,Politics
6851547,Politics
6854057,Business
6864657,Entertainment
6885141,Entertainment
6905470,Technology
6926388,Business
6932831,Sports
6945990,Sports
6961499,Business
6977398,Technology
6980122,Politics
6989453,Politics
6991054,Entertainment
6994913,Entertainment
7029510,Sports
7029642,Entertainment
7049567,Entertainment
7058157,Politics
7063022,Sports
7067843,Entertainment
7076133,Sports
7084046,Business
7108288,Sports
7131146,Business
7143844,Business
7146385,Entertainment
7158337,Technology
7158848,Politics
7162093,Politics
7162324,Business
7169755,Politics
7187695,Sports
7218054,Technology
7228096,Business
7242846,Entertainment
7244713,Sports
7262408,Technology
7264592,Business
7267076,Entertainment
7302282,Business
7304827,Sports
7306178,Politics
7313857,Sports
7325588,Sports
7334720,Technology
7337301,Business
7337957,Sports
7340799,Sports
7341797,Business
7349947,Business
7363569,Entertainment
7364976,Politics
7397809,Sports
7406622,Sports
7425841,Business
7426384,Business
7442677,Sports
7445451,Technology
7456355,Politics
7458029,Sports
7465150,Technology
7467394,Entertainment
7489240,Politics
7490599,Entertainment
7493334,Technology
7493759,Politics
7500067,Sports
7514691,Entertainment
7517621,Technology
7518550,Entertainment
7527512,Politics
7553758,Entertainment
7559473,Technology
7566333,Technology
7567116,Sports
7572558,Politics
7579632,Technology
7584935,Politics
7588721,Business
7613930,Politics
7621907,Politics
7654655,Politics
7679076,Business
7689921,Politics
7696080,Sports
7710654,Politics
7712732,Sports
7717229,Business
7727783,Business
7729012,Business
7741299,Sports
7741856,Entertainment
7744068,Entertainment
7759379,Sports
7776401,Technology
7779552,Sports
7787060,Technology
7792179,Business
7820657,Business
7825979,Politics
7834852,Politics
7841290,Technology
7845518,Politics
7846361,Entertainment
7856761,Business
7856851,Business
7874086,Entertainment
7887211,Entertainment
7902489,Entertainment
7909353,Politics
7953782,Entertainment
7967606,Business
7978776,Entertainment
7993645,Politics
8002336,Technology
8011480,Sports
8017173,Politics
8022251,Business
8032820,Business
8036503,Politics
8043117,Sports
8056364,Business
8057223,Sports
8057346,Business
8089265,Sports
8093782,Entertainment
8095011,Politics
8097375,Technology
8107741,Business
8119004,Technology
8121905,Sports
8127653,Technology
8128284,Entertainment
8137056,Politics
8140131,Entertainment
8151651,Sports
8160429,Entertainment
8177759,Politics
8194829,Business
8196935,Politics
8202142,Business
8217889,Sports
8224120,Technology
8236537,Sports
8237068,Technology
8254405,Entertainment
8276869,Entertainment
8307495,Business
8320504,Business
8320541,Business
8322723,Politics
8337142,Business
8340307,Entertainment
8341037,Technology
8342992,Sports
8353521,Technology
8362084,Entertainment
8368371,Business
8368409,Politics
8393595,Technology
8394363,Business
8401940,Sports
8403381,Sports
8403525,Business
8408519,Entertainment
8409804,Sports
8416698,Entertainment
8421988,Business
8428712,Business
8441715,Entertainment
8456737,Business
8460684,Politics
8475688,Entertainment
8479732,Sports
8498918,Business
8511414,Business
8511562,Politics
8520049,Business
8528491,Sports
8541288,Entertainment
8547010,Politics
8553252,Sports
8558499,Sports
8561411,Politics
8562144,Sports
8562284,Politics
8568790,Technology
8575917,Technology
8580624,Sports
8616240,Entertainment
8617752,Politics
8620395,Business
8622390,Sports
8641493,Technology
8641575,Entertainment
8647938,Business
8664178,Sports
8679197,Business
8685955,Technology
8705861,Sports
8706218,Technology
8729689,Business
8737800,Business
8742577,Entertainment
8746100,Technology
8774622,Business
8778357,Technology
8783443,Entertainment
8786386,Sports
8793880,Entertainment
8803947,Business
8807715,Politics
8808935,Business
8822166,Entertainment
8831491,Entertainment
8835649,Business
8847488,Business
8867167,Business
8874282,Entertainment
8876955,Politics
8879761,Business
8890199,Business
8905168,Technology
8924090,Business
8958240,Business
8964449,Entertainment
8968233,Entertainment
8972728,Sports
9001251,Sports
9006202,Entertainment
9018843,Technology
9066291,Politics
9093071,Business
9094891,Business
9105682,Entertainment
9116590,Politics
9135946,Sports
9146008,Sports
9146710,Sports
9168205,Business
9169929,Technology
9179797,Sports
9187974,Entertainment
9192918,Politics
9193599,Business
9206662,Technology
9213560,Politics
9217112,Business
9227384,Sports
9240423,Technology
9251377,Business
9254127,Politics
9270223,Entertainment
9272689,Technology
9278736,Politics
9288333,Business
9303694,Sports
9304471,Politics
9313054,Technology
9341939,Sports
9343373,Sports
9349948,Politics
9351290,Entertainment
9361051,Business
9382400,Politics
9383647,Entertainment
9395517,Politics
9399008,Business
9401131,Politics
9402529,Sports
9405231,Politics
9416483,Politics
9431597,Business
9443322,Politics
9473266,Entertainment
9491995,Technology
9500848,Technology
9515238,Business
9518648,Business
9518852,Politics
9525308,Business
9532870,Sports
9539865,Business
9544566,Technology
9550660,Technology
9566582,Technology
9568515,Business
9569862,Technology
9574275,Politics
9596150,Sports
9599729,Sports
9604476,Business
9621361,Business
9628131,Business
9641740,Sports
9644094,Sports
9648144,Technology
9654948,Politics
9675972,Sports
9692842,Business
9697081,Sports
9709638,Technology
9732257,Sports
9741876,Business
9749175,Business
9754055,Technology
9755742,Sports
9766448,Technology
9771047,Sports
9801466,Business
9803273,Sports
9819710,Technology
9821012,Entertainment
9821020,Technology
9850325,Entertainment
9857648,Technology
9871531,Business
9877581,Politics
9878004,Sports
9893597,Technology
9896400,Politics
9912012,Business
9938728,Technology
9950940,Politics
9951082,Entertainment
9952845,Business
9954056,Sports
9986243,Business
9987006,Business
